INSERT INTO university (id, name) VALUES
('00000000-0000-0000-0000-000000000001', 'University One'),
('00000000-0000-0000-0000-000000000002', 'University Two');

INSERT INTO userr (id, user_name, email, password_hash, enabled, first_name, last_name) VALUES
('00000000-0000-0000-0000-000000000091', 'teacher1', 'teacher1@example.com', 'pass1', true, 'Ivan', 'Ivanov'),
('00000000-0000-0000-0000-000000000092', 'methodist', 'teacher2@example.com', 'pass2', true, 'Petr', 'Petrov'),
('00000000-0000-0000-0000-000000000093', 'student1', 'student1@example.com', 'pass3', true, 'Sergey', 'Sergeev'),
('00000000-0000-0000-0000-000000000094', 'quest', 'student2@example.com', 'pass4', true, 'Nikolay', 'Nikolaev'),
('00000000-0000-0000-0000-000000000095', 'admin1', 'admin1@example.com', '$2a$10$rfJBlg4l5ztq7WOZXUo8f.4EAu/Aw2zjEIX5ldpO4AfmFZLHCqQVm', true, 'Nikola', 'Nik');

INSERT INTO faculty (id, name, university_id) VALUES
('00000000-0000-0000-0000-000000000011', 'Faculty One', '00000000-0000-0000-0000-000000000001'),
('00000000-0000-0000-0000-000000000012', 'Faculty Two', '00000000-0000-0000-0000-000000000002');


INSERT INTO department (id, name, faculty_id) VALUES
('00000000-0000-0000-0000-000000000021', 'Department One', '00000000-0000-0000-0000-000000000011'),
('00000000-0000-0000-0000-000000000022', 'Department Two', '00000000-0000-0000-0000-000000000012');

INSERT INTO groupe (id, name, department_id) VALUES
('00000000-0000-0000-0000-000000000041', 'Group A', '00000000-0000-0000-0000-000000000021'),
('00000000-0000-0000-0000-000000000042', 'Group B', '00000000-0000-0000-0000-000000000022');


INSERT INTO course (id, course_name, course_description, department_id) VALUES
('00000000-0000-0000-0000-000000000031', 'Math', 'Mathematics Course', '00000000-0000-0000-0000-000000000021'),
('00000000-0000-0000-0000-000000000032', 'Physics', 'Physics Course', '00000000-0000-0000-0000-000000000022');

INSERT INTO teacher (id, user_id, department_id) VALUES
('00000000-0000-0000-0000-000000000111', '00000000-0000-0000-0000-000000000091', '00000000-0000-0000-0000-000000000021');


INSERT INTO student (id, user_id, groupe_id) VALUES
('00000000-0000-0000-0000-000000000121', '00000000-0000-0000-0000-000000000093', '00000000-0000-0000-0000-000000000041');

INSERT INTO room (id, number) VALUES
('00000000-0000-0000-0000-000000000051', 'Room 101'),
('00000000-0000-0000-0000-000000000052', 'Room 102');


INSERT INTO role (id, name) VALUES
('00000000-0000-0000-0000-000000000061', 'ROLE_STUDENT'),
('00000000-0000-0000-0000-000000000062', 'ROLE_TEACHER'),
('00000000-0000-0000-0000-000000000063', 'ROLE_ADMIN'),
('00000000-0000-0000-0000-000000000065', 'ROLE_METHODIST'),
('00000000-0000-0000-0000-000000000064', 'ROLE_QUEST');

INSERT INTO lesson (id, date, start_time, end_time, status, course_id, room_id) VALUES
('00000000-0000-0000-0000-000000000071', '2026-12-30', '09:00:00', '10:30:00', 'PLANNED', '00000000-0000-0000-0000-000000000031', '00000000-0000-0000-0000-000000000051'),
('00000000-0000-0000-0000-000000000072', '2026-12-30', '11:00:00', '12:30:00', 'PLANNED', '00000000-0000-0000-0000-000000000032', '00000000-0000-0000-0000-000000000052'),
('00000000-0000-0000-0000-000000000073', '2026-12-29', '09:00:00', '10:30:00', 'PLANNED', '00000000-0000-0000-0000-000000000031', '00000000-0000-0000-0000-000000000051'),
('00000000-0000-0000-0000-000000000074', '2026-12-28', '11:00:00', '12:30:00', 'PLANNED', '00000000-0000-0000-0000-000000000032', '00000000-0000-0000-0000-000000000052'),
('00000000-0000-0000-0000-000000000075', '2027-01-10', '09:00:00', '09:50:00', 'PLANNED', '00000000-0000-0000-0000-000000000031', '00000000-0000-0000-0000-000000000051'),
('00000000-0000-0000-0000-000000000076', '2027-01-04', '12:00:00', '12:50:00', 'PLANNED', '00000000-0000-0000-0000-000000000032', '00000000-0000-0000-0000-000000000052');


INSERT INTO enrollment (id, grade, status, student_id, course_id) VALUES
('00000000-0000-0000-0000-000000000081', 'A', 'ACTIVE', '00000000-0000-0000-0000-000000000121', '00000000-0000-0000-0000-000000000031');

INSERT INTO teacher_course (course_id, teacher_id) VALUES
('00000000-0000-0000-0000-000000000031', '00000000-0000-0000-0000-000000000111');

INSERT INTO course_groupe (course_id, groupe_id) VALUES
('00000000-0000-0000-0000-000000000031', '00000000-0000-0000-0000-000000000041'),
('00000000-0000-0000-0000-000000000032', '00000000-0000-0000-0000-000000000042');


INSERT INTO lesson_groupe (lesson_id, groupe_id) VALUES
('00000000-0000-0000-0000-000000000071', '00000000-0000-0000-0000-000000000041'),
('00000000-0000-0000-0000-000000000072', '00000000-0000-0000-0000-000000000042'),
('00000000-0000-0000-0000-000000000073', '00000000-0000-0000-0000-000000000041'),
('00000000-0000-0000-0000-000000000074', '00000000-0000-0000-0000-000000000042'),
('00000000-0000-0000-0000-000000000075', '00000000-0000-0000-0000-000000000041'),
('00000000-0000-0000-0000-000000000076', '00000000-0000-0000-0000-000000000042');

INSERT INTO teacher_lesson (lesson_id, teacher_id) VALUES
('00000000-0000-0000-0000-000000000071', '00000000-0000-0000-0000-000000000111'),
('00000000-0000-0000-0000-000000000072', '00000000-0000-0000-0000-000000000111'),
('00000000-0000-0000-0000-000000000073', '00000000-0000-0000-0000-000000000111'),
('00000000-0000-0000-0000-000000000074', '00000000-0000-0000-0000-000000000111'),
('00000000-0000-0000-0000-000000000075', '00000000-0000-0000-0000-000000000111'),
('00000000-0000-0000-0000-000000000076', '00000000-0000-0000-0000-000000000111');


INSERT INTO user_role (user_id, role_id) VALUES
('00000000-0000-0000-0000-000000000093', '00000000-0000-0000-0000-000000000061'),
('00000000-0000-0000-0000-000000000094', '00000000-0000-0000-0000-000000000064'),
('00000000-0000-0000-0000-000000000091', '00000000-0000-0000-0000-000000000062'),
('00000000-0000-0000-0000-000000000092', '00000000-0000-0000-0000-000000000065'),
('00000000-0000-0000-0000-000000000095', '00000000-0000-0000-0000-000000000063');